id,correctAnswer
102501,A
102502,D
102503,B
102504,D
102505,B
102506,D
102507,D
102508,B
102509,C
102510,D
102511,C
102512,B
102513,B
102514,A
102515,B
102516,D
102517,B
102518,B
102519,D
102520,B
102521,C
102522,D
102523,A
102524,B
102525,B
102526,C
102527,B
102528,B
102529,A
102530,A
102531,A
102532,A
102533,B
102534,C
102535,D
102536,D
102537,A
102538,D
102539,D
102540,A
102541,A
102542,C
102543,B
102544,A
102545,D
102546,C
102547,C
102548,A
102549,A
102550,B
102551,C
102552,C
102553,A
102554,B
102555,B
102556,B
102557,C
102558,A
102559,C
102560,B
102561,A
102562,B
102563,A
102564,D
102565,D
102566,A
102567,A
102568,B
102569,C
102570,C
102571,C
102572,A
102573,D
102574,A
102575,B
102576,A
102577,C
102578,D
102579,C
102580,B
102581,D
102582,A
102583,A
102584,A
102585,A
102586,A
102587,C
102588,A
102589,A
102590,C
102591,B
102592,B
102593,C
102594,C
102595,B
102596,D
102597,D
102598,C
102599,C
102600,B
102601,D
102602,D
102603,C
102604,C
102605,B
102606,B
102607,C
102608,C
102609,D
102610,C
102611,B
102612,D
102613,D
102614,A
102615,C
102616,A
102617,A
102618,B
102619,D
102620,B
102621,D
102622,A
102623,B
102624,A
102625,D
102626,A
102627,C
102628,A
102629,C
102630,B
102631,A
102632,B
102633,A
102634,D
102635,C
102636,C
102637,B
102638,C
102639,B
102640,D
102641,A
102642,D
102643,C
102644,B
102645,B
102646,A
102647,C
102648,D
102649,C
102650,D
102651,B
102652,C
102653,D
102654,D
102655,B
102656,A
102657,B
102658,B
102659,A
102660,D
102661,D
102662,A
102663,B
102664,A
102665,B
102666,B
102667,C
102668,B
102669,C
102670,A
102671,D
102672,D
102673,C
102674,A
102675,D
102676,D
102677,B
102678,D
102679,C
102680,B
102681,A
102682,A
102683,D
102684,C
102685,B
102686,B
102687,D
102688,D
102689,A
102690,C
102691,D
102692,C
102693,D
102694,C
102695,C
102696,B
102697,D
102698,C
102699,B
102700,A
102701,A
102702,A
102703,B
102704,B
102705,D
102706,B
102707,A
102708,C
102709,B
102710,D
102711,A
102712,C
102713,C
102714,B
102715,D
102716,D
102717,C
102718,D
102719,B
102720,D
102721,C
102722,C
102723,D
102724,A
102725,A
102726,A
102727,B
102728,A
102729,B
102730,C
102731,C
102732,A
102733,D
102734,D
102735,C
102736,B
102737,C
102738,A
102739,A
102740,C
102741,D
102742,A
102743,A
102744,B
102745,A
102746,A
102747,C
102748,A
102749,A
102750,C
102751,D
102752,B
102753,C
102754,A
102755,A
102756,D
102757,C
102758,D
102759,D
102760,B
102761,A
102762,D
102763,D
102764,B
102765,B
102766,C
102767,D
102768,C
102769,C
102770,A
102771,A
102772,C
102773,D
102774,C
102775,B
102776,C
102777,A
102778,A
102779,D
102780,A
102781,A
102782,C
102783,A
102784,C
102785,C
102786,D
102787,A
102788,D
102789,D
102790,B
102791,C
102792,A
102793,A
102794,A
102795,B
102796,D
102797,B
102798,D
102799,A
102800,A
102801,C
102802,C
102803,B
102804,B
102805,D
102806,B
102807,B
102808,B
102809,A
102810,C
102811,D
102812,D
102813,B
102814,D
102815,D
102816,D
102817,D
102818,A
102819,A
102820,B
102821,A
102822,D
102823,A
102824,C
102825,D
102826,C
102827,C
102828,B
102829,A
102830,A
102831,A
102832,D
102833,B
102834,A
102835,C
102836,D
102837,D
102838,C
102839,D
102840,C
102841,B
102842,B
102843,A
102844,D
102845,D
102846,B
102847,A
102848,C
102849,B
102850,D
102851,A
102852,B
102853,C
102854,C
102855,C
102856,C
102857,A
102858,A
102859,C
102860,A
102861,B
102862,A
102863,A
102864,D
102865,D
102866,A
102867,C
102868,C
102869,A
102870,A
102871,C
102872,A
102873,A
102874,B
102875,A
102876,A
102877,A
102878,C
102879,C
102880,D
102881,A
102882,A
102883,B
102884,C
102885,D
102886,D
102887,B
102888,C
102889,C
102890,C
102891,A
102892,B
102893,B
102894,B
102895,A
102896,C
102897,C
102898,A
102899,A
102900,D
102901,B
102902,C
102903,B
102904,C
102905,B
102906,C
102907,D
102908,D
102909,C
102910,B
102911,A
102912,B
102913,C
102914,A
102915,B
102916,A
102917,D
102918,B
102919,C
102920,C
102921,A
102922,A
102923,A
102924,D
102925,A
102926,A
102927,D
102928,A
102929,C
102930,A
102931,D
102932,B
102933,C
102934,A
102935,B
102936,A
102937,D
102938,C
102939,C
102940,D
102941,C
102942,C
102943,D
102944,D
102945,C
102946,D
102947,C
102948,A
102949,A
102950,C
102951,A
102952,D
102953,A
102954,B
102955,A
102956,A
102957,D
102958,A
102959,D
102960,D
102961,D
102962,B
102963,C
102964,A
102965,A
102966,A
102967,A
102968,C
102969,C
102970,B
102971,D
102972,D
102973,C
102974,A
102975,C
102976,B
102977,B
102978,C
102979,D
102980,A
102981,A
102982,B
102983,C
102984,A
102985,D
102986,C
102987,D
102988,D
102989,A
102990,D
102991,D
102992,A
102993,B
102994,C
102995,C
102996,D
102997,D
102998,B
102999,A
103000,D
103001,D
103002,C
103003,B
103004,C
103005,A
103006,C
103007,C
103008,B
103009,B
103010,C
103011,D
103012,C
103013,A
103014,C
103015,A
103016,C
103017,C
103018,C
103019,A
103020,A
103021,B
103022,D
103023,D
103024,B
103025,B
103026,A
103027,D
103028,C
103029,D
103030,C
103031,B
103032,A
103033,B
103034,B
103035,B
103036,C
103037,C
103038,C
103039,D
103040,A
103041,A
103042,C
103043,B
103044,C
103045,C
103046,D
103047,A
103048,B
103049,C
103050,D
103051,C
103052,B
103053,B
103054,B
103055,B
103056,D
103057,B
103058,A
103059,B
103060,B
103061,B
103062,B
103063,A
103064,B
103065,A
103066,A
103067,D
103068,C
103069,C
103070,A
103071,C
103072,A
103073,C
103074,C
103075,D
103076,D
103077,A
103078,C
103079,B
103080,A
103081,D
103082,B
103083,A
103084,D
103085,C
103086,C
103087,A
103088,A
103089,D
103090,B
103091,B
103092,C
103093,C
103094,B
103095,B
103096,B
103097,B
103098,A
103099,B
103100,C
103101,B
103102,D
103103,A
103104,A
103105,B
103106,A
103107,D
103108,D
103109,C
103110,C
103111,A
103112,C
103113,A
103114,B
103115,A
103116,C
103117,C
103118,C
103119,A
103120,A
103121,A
103122,D
103123,A
103124,C
103125,D
103126,A
103127,C
103128,B
103129,A
103130,C
103131,A
103132,D
103133,D
103134,B
103135,B
103136,C
103137,D
103138,C
103139,A
103140,D
103141,C
103142,D
103143,C
103144,B
103145,D
103146,A
103147,C
103148,B
103149,A
103150,B
103151,B
103152,A
103153,C
103154,B
103155,B
103156,D
103157,B
103158,C
103159,B
103160,C
103161,B
103162,D
103163,D
103164,A
103165,A
103166,A
103167,A
103168,B
103169,C
103170,C
103171,B
103172,C
103173,B
103174,C
103175,A
103176,B
103177,D
103178,D
103179,A
103180,D
103181,B
103182,A
103183,A
103184,C
103185,B
103186,C
103187,A
103188,C
103189,D
103190,A
103191,D
103192,D
103193,D
103194,A
103195,D
103196,A
103197,D
103198,D
103199,C
103200,C
103201,A
103202,A
103203,B
103204,D
103205,B
103206,B
103207,B
103208,A
103209,B
103210,A
103211,D
103212,C
103213,B
103214,D
103215,A
103216,B
103217,B
103218,B
103219,D
103220,C
103221,A
103222,A
103223,C
103224,A
103225,D
103226,B
103227,D
103228,B
103229,D
103230,D
103231,C
103232,D
103233,B
103234,C
103235,D
103236,B
103237,C
103238,D
103239,D
103240,B
103241,A
103242,B
103243,A
103244,B
103245,B
103246,B
103247,B
103248,A
103249,A
103250,B
103251,A
103252,A
103253,C
103254,D
103255,A
103256,A
103257,A
103258,B
103259,B
103260,B
103261,D
103262,B
103263,B
103264,A
103265,A
103266,D
103267,C
103268,C
103269,C
103270,D
103271,D
103272,C
103273,B
103274,A
103275,A
103276,B
103277,B
103278,D
103279,B
103280,A
103281,D
103282,B
103283,D
103284,B
103285,C
103286,C
103287,C
103288,C
103289,C
103290,C
103291,C
103292,D
103293,A
103294,A
103295,C
103296,B
103297,D
103298,D
103299,C
103300,B
103301,B
103302,C
103303,A
103304,B
103305,A
103306,A
103307,D
103308,D
103309,A
103310,B
103311,A
103312,D
103313,A
103314,C
103315,D
103316,B
103317,D
103318,A
103319,D
103320,C
103321,B
103322,B
103323,D
103324,C
103325,B
103326,D
103327,B
103328,D
103329,B
103330,D
103331,C
103332,D
103333,A
103334,A
103335,B
103336,B
103337,A
103338,B
103339,B
103340,B
103341,A
103342,A
103343,A
103344,A
103345,B
103346,D
103347,A
103348,D
103349,D
103350,B
103351,B
103352,A
103353,A
103354,C
103355,B
103356,B
103357,B
103358,A
103359,B
103360,B
103361,D
103362,A
103363,B
103364,D
103365,A
103366,A
103367,D
103368,D
103369,D
103370,A
103371,B
103372,C
103373,D
103374,C
103375,D
103376,D
103377,C
103378,D
103379,C
103380,A
103381,A
103382,D
103383,D
103384,D
103385,A
103386,D
103387,A
103388,A
103389,B
103390,B
103391,D
103392,B
103393,C
103394,B
103395,A
103396,A
103397,C
103398,C
103399,C
103400,D
103401,A
103402,D
103403,C
103404,B
103405,D
103406,C
103407,A
103408,A
103409,B
103410,B
103411,A
103412,C
103413,C
103414,C
103415,A
103416,C
103417,C
103418,A
103419,C
103420,D
103421,D
103422,A
103423,B
103424,C
103425,B
103426,A
103427,C
103428,D
103429,C
103430,C
103431,D
103432,C
103433,B
103434,D
103435,A
103436,A
103437,D
103438,D
103439,D
103440,D
103441,C
103442,A
103443,A
103444,C
103445,B
103446,C
103447,C
103448,B
103449,B
103450,A
103451,A
103452,B
103453,C
103454,A
103455,B
103456,C
103457,A
103458,A
103459,A
103460,C
103461,D
103462,D
103463,D
103464,B
103465,C
103466,C
103467,B
103468,D
103469,A
103470,B
103471,B
103472,C
103473,B
103474,D
103475,A
103476,B
103477,C
103478,B
103479,A
103480,A
103481,B
103482,A
103483,D
103484,D
103485,C
103486,B
103487,D
103488,D
103489,C
103490,A
103491,D
103492,D
103493,D
103494,C
103495,A
103496,B
103497,B
103498,A
103499,C
103500,D
103501,C
103502,B
103503,B
103504,C
103505,D
103506,C
103507,B
103508,C
103509,B
103510,A
103511,B
103512,A
103513,B
103514,A
103515,B
103516,B
103517,A
103518,A
103519,D
103520,D
103521,B
103522,D
103523,D
103524,B
103525,B
103526,A
103527,C
103528,B
103529,A
103530,D
103531,C
103532,A
103533,B
103534,D
103535,A
103536,D
103537,C
103538,D
103539,A
103540,C
103541,D
103542,B
103543,C
103544,D
103545,D
103546,C
103547,D
103548,C
103549,D
103550,C
103551,B
103552,D
103553,B
103554,D
103555,B
103556,C
103557,A
103558,B
103559,B
103560,B
103561,A
103562,D
103563,B
103564,D
103565,A
103566,A
103567,D
103568,B
103569,A
103570,D
103571,A
103572,A
103573,D
103574,C
103575,A
103576,D
103577,B
103578,D
103579,A
103580,C
103581,A
103582,B
103583,D
103584,C
103585,C
103586,C
103587,D
103588,D
103589,D
103590,B
103591,D
103592,A
103593,C
103594,D
103595,D
103596,D
103597,C
103598,C
103599,B
103600,B
103601,D
103602,C
103603,D
103604,C
103605,B
103606,B
103607,C
103608,B
103609,D
103610,C
103611,D
103612,C
103613,D
103614,D
103615,C
103616,C
103617,C
103618,A
103619,D
103620,C
103621,A
103622,B
103623,D
103624,B
103625,B
103626,D
103627,C
103628,D
103629,C
103630,A
103631,B
103632,C
103633,C
103634,A
103635,D
103636,B
103637,B
103638,D
103639,A
103640,A
103641,D
103642,B
103643,B
103644,A
103645,B
103646,B
103647,A
103648,C
103649,A
103650,B
103651,D
103652,C
103653,B
103654,B
103655,A
103656,C
103657,B
103658,C
103659,D
103660,A
103661,C
103662,D
103663,B
103664,B
103665,B
103666,D
103667,C
103668,D
103669,A
103670,D
103671,D
103672,A
103673,D
103674,C
103675,C
103676,B
103677,D
103678,D
103679,D
103680,B
103681,A
103682,D
103683,D
103684,B
103685,D
103686,D
103687,B
103688,A
103689,D
103690,D
103691,D
103692,A
103693,D
103694,A
103695,A
103696,C
103697,A
103698,C
103699,C
103700,C
103701,A
103702,B
103703,C
103704,C
103705,C
103706,C
103707,A
103708,D
103709,A
103710,A
103711,A
103712,C
103713,C
103714,C
103715,B
103716,B
103717,B
103718,B
103719,A
103720,B
103721,B
103722,C
103723,D
103724,D
103725,B
103726,A
103727,A
103728,A
103729,C
103730,B
103731,B
103732,A
103733,C
103734,B
103735,B
103736,B
103737,A
103738,A
103739,B
103740,B
103741,A
103742,A
103743,C
103744,C
103745,D
103746,D
103747,D
103748,A
103749,A
103750,B
103751,A
103752,B
103753,D
103754,C
103755,D
103756,D
103757,B
103758,A
103759,B
103760,D
103761,B
103762,C
103763,B
103764,B
103765,B
103766,B
103767,B
103768,C
103769,B
103770,A
103771,C
103772,C
103773,D
103774,D
103775,B
103776,C
103777,D
103778,A
103779,C
103780,B
103781,C
103782,A
103783,B
103784,D
103785,D
103786,B
103787,A
103788,C
103789,B
103790,B
103791,A
103792,B
103793,B
103794,D
103795,D
103796,C
103797,C
103798,C
103799,C
103800,B
103801,B
103802,B
103803,C
103804,B
103805,B
103806,D
103807,D
103808,D
103809,C
103810,A
103811,B
103812,B
103813,D
103814,C
103815,D
103816,B
103817,D
103818,C
103819,A
103820,A
103821,B
103822,D
103823,A
103824,D
103825,A
103826,C
103827,B
103828,D
103829,D
103830,B
103831,B
103832,C
103833,C
103834,C
103835,B
103836,A
103837,C
103838,D
103839,B
103840,C
103841,D
103842,B
103843,D
103844,B
103845,D
103846,B
103847,A
103848,B
103849,A
103850,B
103851,A
103852,C
103853,D
103854,B
103855,B
103856,D
103857,A
103858,D
103859,B
103860,A
103861,A
103862,B
103863,D
103864,A
103865,A
103866,B
103867,C
103868,D
103869,D
103870,A
103871,B
103872,B
103873,D
103874,A
103875,B
103876,D
103877,C
103878,C
103879,C
103880,A
103881,A
103882,B
103883,D
103884,A
103885,B
103886,B
103887,A
103888,D
103889,D
103890,D
103891,C
103892,B
103893,A
103894,C
103895,A
103896,A
103897,B
103898,B
103899,B
103900,C
103901,D
103902,A
103903,A
103904,D
103905,D
103906,B
103907,C
103908,B
103909,D
103910,C
103911,A
103912,B
103913,B
103914,A
103915,D
103916,C
103917,C
103918,C
103919,D
103920,B
103921,A
103922,A
103923,C
103924,C
103925,A
103926,B
103927,C
103928,C
103929,C
103930,C
103931,C
103932,B
103933,C
103934,D
103935,C
103936,D
103937,A
103938,B
103939,D
103940,A
103941,A
103942,C
103943,C
103944,B
103945,B
103946,B
103947,D
103948,A
103949,B
103950,D
103951,B
103952,D
103953,B
103954,C
103955,D
103956,C
103957,A
103958,B
103959,C
103960,D
103961,C
103962,A
103963,A
103964,B
103965,C
103966,C
103967,C
103968,B
103969,B
103970,D
103971,A
103972,C
103973,C
103974,D
103975,B
103976,C
103977,C
103978,A
103979,B
103980,B
103981,A
103982,A
103983,B
103984,A
103985,C
103986,A
103987,A
103988,B
103989,D
103990,C
103991,C
103992,D
103993,C
103994,B
103995,A
103996,C
103997,D
103998,A
103999,B
104000,C
104001,C
104002,D
104003,A
104004,B
104005,B
104006,D
104007,D
104008,D
104009,C
104010,C
104011,D
104012,B
104013,D
104014,A
104015,A
104016,D
104017,D
104018,D
104019,C
104020,B
104021,A
104022,B
104023,C
104024,B
104025,A
104026,A
104027,B
104028,C
104029,B
104030,C
104031,C
104032,D
104033,A
104034,C
104035,D
104036,B
104037,B
104038,C
104039,B
104040,B
104041,C
104042,D
104043,C
104044,B
104045,B
104046,A
104047,B
104048,C
104049,C
104050,B
104051,D
104052,A
104053,C
104054,C
104055,B
104056,C
104057,C
104058,A
104059,A
104060,A
104061,B
104062,C
104063,C
104064,D
104065,A
104066,B
104067,C
104068,B
104069,C
104070,C
104071,A
104072,D
104073,A
104074,D
104075,A
104076,D
104077,C
104078,C
104079,C
104080,D
104081,B
104082,A
104083,B
104084,A
104085,B
104086,B
104087,D
104088,A
104089,C
104090,D
104091,B
104092,B
104093,C
104094,C
104095,C
104096,D
104097,C
104098,D
104099,C
104100,B
104101,B
104102,D
104103,D
104104,D
104105,C
104106,D
104107,D
104108,C
104109,A
104110,C
104111,A
104112,D
104113,C
104114,C
104115,C
104116,B
104117,C
104118,A
104119,C
104120,C
104121,A
104122,D
104123,D
104124,D
104125,B
104126,C
104127,D
104128,A
104129,D
104130,C
104131,A
104132,A
104133,A
104134,C
104135,D
104136,A
104137,A
104138,B
104139,D
104140,C
104141,A
104142,A
104143,B
104144,D
104145,A
104146,C
104147,C
104148,A
104149,C
104150,B
104151,A
104152,A
104153,B
104154,C
104155,A
104156,D
104157,C
104158,D
104159,D
104160,B
104161,C
104162,A
104163,D
104164,D
104165,D
104166,D
104167,D
104168,D
104169,B
104170,A
104171,B
104172,B
104173,B
104174,B
104175,D
104176,C
104177,A
104178,B
104179,B
104180,A
104181,D
104182,D
104183,A
104184,C
104185,B
104186,A
104187,C
104188,C
104189,C
104190,D
104191,D
104192,C
104193,C
104194,C
104195,C
104196,B
104197,C
104198,C
104199,D
104200,A
104201,D
104202,A
104203,D
104204,A
104205,D
104206,C
104207,D
104208,B
104209,C
104210,A
104211,D
104212,C
104213,D
104214,A
104215,C
104216,A
104217,B
104218,D
104219,C
104220,C
104221,D
104222,A
104223,D
104224,B
104225,B
104226,D
104227,C
104228,A
104229,C
104230,B
104231,C
104232,D
104233,C
104234,C
104235,A
104236,A
104237,B
104238,D
104239,C
104240,D
104241,D
104242,C
104243,C
104244,C
104245,C
104246,C
104247,B
104248,D
104249,C
104250,B
104251,D
104252,C
104253,D
104254,A
104255,B
104256,A
104257,D
104258,B
104259,A
104260,B
104261,D
104262,A
104263,A
104264,B
104265,B
104266,C
104267,B
104268,C
104269,D
104270,B
104271,D
104272,B
104273,A
104274,B
104275,B
104276,C
104277,D
104278,B
104279,D
104280,C
104281,A
104282,D
104283,C
104284,B
104285,A
104286,D
104287,D
104288,C
104289,C
104290,B
104291,C
104292,A
104293,A
104294,B
104295,B
104296,C
104297,B
104298,A
104299,D
104300,A
104301,C
104302,A
104303,B
104304,C
104305,B
104306,A
104307,B
104308,C
104309,B
104310,B
104311,A
104312,C
104313,A
104314,A
104315,A
104316,C
104317,D
104318,A
104319,B
104320,B
104321,B
104322,A
104323,A
104324,A
104325,A
104326,A
104327,D
104328,C
104329,B
104330,C
104331,B
104332,B
104333,C
104334,D
104335,A
104336,D
104337,D
104338,C
104339,C
104340,B
104341,A
104342,B
104343,B
104344,B
104345,D
104346,A
104347,B
104348,A
104349,D
104350,A
104351,C
104352,A
104353,A
104354,B
104355,A
104356,C
104357,B
104358,B
104359,D
104360,D
104361,D
104362,B
104363,B
104364,D
104365,B
104366,D
104367,A
104368,B
104369,A
104370,D
104371,D
104372,D
104373,C
104374,B
104375,A
104376,D
104377,B
104378,B
104379,C
104380,D
104381,D
104382,A
104383,B
104384,B
104385,C
104386,D
104387,A
104388,B
104389,C
104390,B
104391,C
104392,C
104393,B
104394,C
104395,A
104396,B
104397,B
104398,C
104399,B
104400,D
104401,A
104402,A
104403,A
104404,A
104405,B
104406,D
104407,A
104408,B
104409,C
104410,B
104411,B
104412,D
104413,A
104414,C
104415,B
104416,D
104417,C
104418,D
104419,B
104420,B
104421,D
104422,A
104423,D
104424,C
104425,D
104426,A
104427,D
104428,C
104429,D
104430,B
104431,A
104432,B
104433,D
104434,D
104435,A
104436,D
104437,A
104438,C
104439,B
104440,B
104441,B
104442,B
104443,A
104444,C
104445,D
104446,A
104447,A
104448,D
104449,C
104450,D
104451,B
104452,B
104453,D
104454,A
104455,D
104456,B
104457,A
104458,C
104459,D
104460,A
104461,A
104462,C
104463,B
104464,D
104465,C
104466,C
104467,D
104468,C
104469,C
104470,A
104471,A
104472,C
104473,A
104474,B
104475,D
104476,B
104477,D
104478,D
104479,D
104480,C
104481,A
104482,D
104483,C
104484,C
104485,A
104486,A
104487,D
104488,D
104489,C
104490,B
104491,C
104492,A
104493,D
104494,A
104495,D
104496,C
104497,B
104498,D
104499,B
104500,C
104501,A
104502,B
104503,B
104504,D
104505,D
104506,C
104507,D
104508,C
104509,C
104510,C
104511,A
104512,D
104513,A
104514,A
104515,A
104516,B
104517,D
104518,A
104519,D
104520,D
104521,D
104522,A
104523,B
104524,B
104525,D
104526,B
104527,B
104528,D
104529,C
104530,C
104531,C
104532,D
104533,A
104534,C
104535,A
104536,B
104537,A
104538,D
104539,A
104540,B
104541,B
104542,D
104543,C
104544,B
104545,B
104546,D
104547,B
104548,D
104549,A
104550,C
104551,C
104552,C
104553,B
104554,C
104555,A
104556,A
104557,A
104558,A
104559,D
104560,B
104561,C
104562,A
104563,B
104564,D
104565,B
104566,C
104567,C
104568,D
104569,B
104570,B
104571,D
104572,A
104573,D
104574,D
104575,D
104576,D
104577,A
104578,D
104579,B
104580,A
104581,B
104582,B
104583,A
104584,C
104585,B
104586,C
104587,C
104588,C
104589,C
104590,B
104591,C
104592,D
104593,B
104594,A
104595,A
104596,A
104597,C
104598,C
104599,A
104600,A
104601,C
104602,C
104603,A
104604,C
104605,B
104606,B
104607,B
104608,A
104609,A
104610,D
104611,C
104612,C
104613,D
104614,A
104615,C
104616,A
104617,C
104618,D
104619,C
104620,C
104621,C
104622,A
104623,B
104624,C
104625,A
104626,C
104627,B
104628,B
104629,B
104630,B
104631,B
104632,D
104633,A
104634,D
104635,B
104636,D
104637,D
104638,A
104639,B
104640,D
104641,B
104642,B
104643,D
104644,C
104645,B
104646,C
104647,A
104648,C
104649,A
104650,B
104651,B
104652,D
104653,D
104654,A
104655,C
104656,C
104657,D
104658,C
104659,B
104660,C
104661,C
104662,A
104663,A
104664,C
104665,A
104666,C
104667,A
104668,C
104669,C
104670,B
104671,D
104672,D
104673,D
104674,D
104675,A
104676,C
104677,D
104678,A
104679,D
104680,B
104681,D
104682,D
104683,D
104684,D
104685,D
104686,C
104687,B
104688,D
104689,D
104690,D
104691,C
104692,C
104693,C
104694,A
104695,A
104696,D
104697,C
104698,B
104699,C
104700,A
104701,C
104702,C
104703,D
104704,B
104705,B
104706,D
104707,B
104708,B
104709,B
104710,C
104711,A
104712,A
104713,C
104714,A
104715,B
104716,C
104717,B
104718,A
104719,C
104720,C
104721,D
104722,A
104723,B
104724,C
104725,B
104726,A
104727,C
104728,A
104729,C
104730,C
104731,A
104732,B
104733,D
104734,C
104735,C
104736,A
104737,D
104738,C
104739,D
104740,B
104741,B
104742,B
104743,A
104744,D
104745,C
104746,A
104747,B
104748,A
104749,D
104750,D
104751,B
104752,D
104753,B
104754,B
104755,B
104756,C
104757,C
104758,A
104759,D
104760,A
104761,D
104762,A
104763,B
104764,B
104765,A
104766,D
104767,B
104768,D
104769,A
104770,A
104771,B
104772,A
104773,B
104774,C
104775,C
104776,A
104777,A
104778,B
104779,D
104780,B
104781,C
104782,B
104783,A
104784,B
104785,C
104786,A
104787,A
104788,B
104789,A
104790,D
104791,D
104792,D
104793,C
104794,D
104795,C
104796,A
104797,A
104798,D
104799,B
104800,C
104801,C
104802,A
104803,D
104804,D
104805,A
104806,D
104807,D
104808,A
104809,A
104810,A
104811,B
104812,C
104813,C
104814,B
104815,C
104816,D
104817,B
104818,C
104819,C
104820,C
104821,C
104822,C
104823,D
104824,B
104825,B
104826,B
104827,C
104828,D
104829,D
104830,A
104831,A
104832,A
104833,B
104834,A
104835,C
104836,B
104837,C
104838,A
104839,A
104840,B
104841,D
104842,A
104843,A
104844,A
104845,D
104846,D
104847,D
104848,C
104849,D
104850,D
104851,D
104852,C
104853,C
104854,D
104855,B
104856,C
104857,A
104858,D
104859,A
104860,A
104861,A
104862,D
104863,C
104864,D
104865,C
104866,D
104867,C
104868,A
104869,D
104870,D
104871,C
104872,A
104873,D
104874,C
104875,D
104876,D
104877,B
104878,B
104879,D
104880,D
104881,C
104882,D
104883,B
104884,A
104885,D
104886,B
104887,A
104888,B
104889,A
104890,D
104891,B
104892,B
104893,A
104894,A
104895,A
104896,A
104897,C
104898,B
104899,C
104900,C
104901,B
104902,C
104903,C
104904,C
104905,A
104906,A
104907,D
104908,A
104909,A
104910,B
104911,C
104912,B
104913,A
104914,A
104915,C
104916,C
104917,D
104918,D
104919,B
104920,B
104921,B
104922,A
104923,D
104924,A
104925,B
104926,C
104927,A
104928,B
104929,A
104930,B
104931,C
104932,C
104933,B
104934,C
104935,C
104936,A
104937,A
104938,C
104939,D
104940,D
104941,C
104942,C
104943,A
104944,D
104945,B
104946,D
104947,A
104948,D
104949,A
104950,B
104951,A
104952,C
104953,D
104954,B
104955,A
104956,A
104957,A
104958,A
104959,A
104960,B
104961,B
104962,B
104963,B
104964,D
104965,A
104966,C
104967,C
104968,C
104969,B
104970,B
104971,A
104972,D
104973,B
104974,B
104975,A
104976,B
104977,D
104978,D
104979,D
104980,B
104981,B
104982,D
104983,D
104984,A
104985,A
104986,C
104987,C
104988,B
104989,B
104990,A
104991,B
104992,B
104993,A
104994,D
104995,C
104996,C
104997,A
104998,A
104999,C
105000,D
105001,B
105002,B
105003,A
105004,C
105005,B
105006,A
105007,A
105008,B
105009,A
105010,B
105011,D
105012,D
105013,D
105014,C
105015,B
105016,C
105017,B
105018,B
105019,C
105020,C
105021,D
105022,A
105023,B
105024,B
105025,C
105026,B
105027,C
105028,C
105029,C
105030,D
105031,C
105032,B
105033,A
105034,C
105035,A
105036,D
105037,D
105038,A
105039,C
105040,B
105041,C
105042,C
105043,D
105044,D
105045,D
105046,C
105047,B
105048,D
105049,C
105050,C
105051,C
105052,B
105053,B
105054,C
105055,A
105056,B
105057,D
105058,A
105059,B
105060,C
105061,C
105062,D
105063,C
105064,C
105065,A
105066,B
105067,C
105068,B
105069,B
105070,C
105071,B
105072,D
105073,B
105074,A
105075,C
105076,A
105077,C
105078,A
105079,A
105080,B
105081,C
105082,D
105083,A
105084,A
105085,A
105086,B
105087,B
105088,C
105089,D
105090,B
105091,D
105092,D
105093,A
105094,D
105095,A
105096,A
105097,B
105098,C
105099,C
105100,C
105101,C
105102,B
105103,C
105104,C
105105,C
105106,A
105107,B
105108,D
105109,C
105110,A
105111,A
105112,A
105113,B
105114,A
105115,B
105116,A
105117,B
105118,B
105119,A
105120,C
105121,A
105122,D
105123,A
105124,A
105125,B
105126,D
105127,C
105128,B
105129,C
105130,B
105131,C
105132,D
105133,D
105134,C
105135,A
105136,D
105137,B
105138,A
105139,C
105140,A
105141,A
105142,A
105143,B
105144,A
105145,D
105146,D
105147,A
105148,A
105149,A
105150,D
105151,D
105152,C
105153,B
105154,B
105155,C
105156,B
105157,B
105158,D
105159,C
105160,C
105161,D
105162,A
105163,A
105164,C
105165,C
105166,C
105167,C
105168,C
105169,A
105170,B
105171,A
105172,A
105173,D
105174,C
105175,B
105176,C
105177,B
105178,C
105179,A
105180,C
105181,D
105182,A
105183,B
105184,C
105185,C
105186,A
105187,A
105188,B
105189,D
105190,B
105191,B
105192,C
105193,B
105194,C
105195,B
105196,A
105197,D
105198,D
105199,D
105200,D
105201,A
105202,B
105203,D
105204,C
105205,A
105206,A
105207,B
105208,D
105209,D
105210,C
105211,D
105212,B
105213,D
105214,A
105215,A
105216,D
105217,B
105218,A
105219,C
105220,C
105221,B
105222,D
105223,D
105224,C
105225,B
105226,B
105227,A
105228,B
105229,C
105230,D
105231,D
105232,D
105233,C
105234,B
105235,D
105236,D
105237,C
105238,C
105239,B
105240,D
105241,C
105242,B
105243,D
105244,B
105245,D
105246,D
105247,D
105248,A
105249,B
105250,B
105251,B
105252,C
105253,B
105254,B
105255,C
105256,B
105257,D
105258,A
105259,A
105260,C
105261,B
105262,D
105263,B
105264,D
105265,B
105266,D
105267,B
105268,A
105269,D
105270,A
105271,A
105272,A
105273,D
105274,A
105275,A
105276,D
105277,A
105278,C
105279,C
105280,D
105281,D
105282,C
105283,C
105284,B
105285,B
105286,D
105287,C
105288,D
105289,A
105290,A
105291,D
105292,A
105293,C
105294,D
105295,D
105296,C
105297,C
105298,A
105299,B
105300,A
105301,D
105302,C
105303,B
105304,D
105305,B
105306,C
105307,A
105308,A
105309,B
105310,D
105311,A
105312,C
105313,B
105314,C
105315,D
105316,A
105317,B
105318,B
105319,C
105320,C
105321,A
105322,A
105323,A
105324,D
105325,B
105326,B
105327,D
105328,D
105329,B
105330,C
105331,B
105332,B
105333,D
105334,D
105335,C
105336,D
105337,A
105338,B
105339,D
105340,B
105341,C
105342,D
105343,D
105344,C
105345,C
105346,D
105347,A
105348,A
105349,D
105350,A
105351,A
105352,D
105353,A
105354,B
105355,D
105356,A
105357,C
105358,D
105359,D
105360,C
105361,D
105362,D
105363,D
105364,A
105365,C
105366,B
105367,A
105368,C
105369,A
105370,D
105371,A
105372,D
105373,A
105374,B
105375,A
105376,C
105377,B
105378,D
105379,B
105380,B
105381,C
105382,D
105383,D
105384,A
105385,D
105386,A
105387,C
105388,C
105389,A
105390,D
105391,A
105392,B
105393,D
105394,D
105395,D
105396,C
105397,C
105398,A
105399,C
105400,D
105401,B
105402,A
105403,A
105404,C
105405,C
105406,C
105407,D
105408,A
105409,D
105410,C
105411,B
105412,C
105413,D
105414,D
105415,B
105416,B
105417,A
105418,A
105419,C
105420,D
105421,D
105422,C
105423,B
105424,A
105425,A
105426,A
105427,A
105428,C
105429,A
105430,C
105431,A
105432,A
105433,A
105434,C
105435,B
105436,D
105437,C
105438,B
105439,D
105440,A
105441,A
105442,A
105443,D
105444,B
105445,A
105446,D
105447,D
105448,A
105449,D
105450,D
105451,A
105452,B
105453,B
105454,A
105455,D
105456,D
105457,B
105458,D
105459,D
105460,B
105461,C
105462,D
105463,D
105464,B
105465,A
105466,D
105467,D
105468,D
105469,B
105470,A
105471,A
105472,C
105473,B
105474,A
105475,A
105476,C
105477,D
105478,C
105479,D
105480,A
105481,D
105482,D
105483,A
105484,D
105485,D
105486,D
105487,B
105488,D
105489,C
105490,C
105491,A
105492,B
105493,A
105494,B
105495,C
105496,A
105497,A
105498,A
105499,D
105500,B
105501,D
105502,B
105503,A
105504,C
105505,C
105506,B
105507,D
105508,B
105509,D
105510,B
105511,D
105512,C
105513,B
105514,D
105515,C
105516,B
105517,D
105518,C
105519,D
105520,A
105521,C
105522,B
105523,D
105524,A
105525,B
105526,A
105527,D
105528,D
105529,B
105530,C
105531,D
105532,D
105533,B
105534,D
105535,A
105536,A
105537,A
105538,A
105539,B
105540,C
105541,A
105542,A
105543,D
105544,A
105545,C
105546,D
105547,B
105548,B
105549,D
105550,C
105551,B
105552,D
105553,D
105554,D
105555,A
105556,D
105557,C
105558,B
105559,D
105560,A
105561,B
105562,A
105563,D
105564,D
105565,B
105566,C
105567,B
105568,D
105569,B
105570,D
105571,A
105572,A
105573,D
105574,A
105575,B
105576,B
105577,B
105578,B
105579,D
105580,A
105581,B
105582,D
105583,A
105584,D
105585,C
105586,B
105587,A
105588,C
105589,A
105590,C
105591,C
105592,A
105593,A
105594,B
105595,D
105596,C
105597,C
105598,D
105599,B
105600,A
105601,D
105602,A
105603,C
105604,A
105605,B
105606,A
105607,D
105608,C
105609,D
105610,A
105611,B
105612,A
105613,B
105614,B
105615,A
105616,A
105617,A
105618,C
105619,C
105620,A
105621,D
105622,B
105623,D
105624,A
105625,B
105626,B
105627,B
105628,B
105629,C
105630,D
105631,C
105632,B
105633,C
105634,A
105635,A
105636,D
105637,D
105638,A
105639,A
105640,B
105641,C
105642,A
105643,D
105644,B
105645,D
105646,D
105647,D
105648,C
105649,A
105650,A
105651,A
105652,D
105653,D
105654,A
105655,A
105656,C
105657,D
105658,D
105659,B
105660,A
105661,B
105662,B
105663,D
105664,C
105665,D
105666,D
105667,C
105668,A
105669,D
105670,D
105671,B
105672,B
105673,D
105674,B
105675,C
105676,B
105677,D
105678,A
105679,A
105680,C
105681,B
105682,A
105683,B
105684,D
105685,C
105686,C
105687,A
105688,A
105689,D
105690,D
105691,D
105692,B
105693,C
105694,C
105695,B
105696,D
105697,B
105698,D
105699,D
105700,B
105701,A
105702,C
105703,C
105704,C
105705,D
105706,A
105707,A
105708,A
105709,B
105710,B
105711,B
105712,D
105713,C
105714,D
105715,D
105716,B
105717,D
105718,D
105719,A
105720,C
105721,D
105722,B
105723,A
105724,C
105725,C
105726,C
105727,A
105728,D
105729,B
105730,B
105731,A
105732,C
105733,A
105734,B
105735,C
105736,A
105737,D
105738,C
105739,A
105740,A
105741,A
105742,C
105743,C
105744,D
105745,C
105746,C
105747,D
105748,D
105749,C
105750,C
105751,C
105752,A
105753,D
105754,D
105755,B
105756,C
105757,A
105758,D
105759,D
105760,D
105761,D
105762,C
105763,D
105764,A
105765,A
105766,D
105767,A
105768,C
105769,A
105770,B
105771,B
105772,D
105773,B
105774,B
105775,A
105776,D
105777,D
105778,C
105779,B
105780,C
105781,C
105782,C
105783,D
105784,C
105785,D
105786,D
105787,A
105788,D
105789,D
105790,D
105791,D
105792,A
105793,D
105794,C
105795,A
105796,A
105797,D
105798,C
105799,B
105800,C
105801,D
105802,B
105803,A
105804,D
105805,D
105806,C
105807,C
105808,B
105809,B
105810,B
105811,B
105812,B
105813,D
105814,B
105815,B
105816,D
105817,C
105818,A
105819,D
105820,A
105821,A
105822,D
105823,C
105824,A
105825,C
105826,C
105827,B
105828,A
105829,A
105830,B
105831,A
105832,D
105833,C
105834,D
105835,D
105836,D
105837,A
105838,B
105839,B
105840,B
105841,A
105842,A
105843,A
105844,D
105845,C
105846,D
105847,B
105848,B
105849,B
105850,A
105851,C
105852,A
105853,B
105854,B
105855,A
105856,A
105857,A
105858,D
105859,C
105860,B
105861,A
105862,D
105863,D
105864,A
105865,D
105866,C
105867,C
105868,B
105869,B
105870,A
105871,B
105872,A
105873,D
105874,A
105875,B
105876,A
105877,C
105878,C
105879,B
105880,A
105881,A
105882,D
105883,B
105884,D
105885,A
105886,C
105887,A
105888,C
105889,C
105890,D
105891,C
105892,B
105893,C
105894,A
105895,A
105896,B
105897,D
105898,C
105899,D
105900,C
105901,C
105902,D
105903,A
105904,C
105905,D
105906,A
105907,A
105908,C
105909,C
105910,A
105911,A
105912,B
105913,A
105914,B
105915,D
105916,A
105917,B
105918,B
105919,D
105920,A
105921,D
105922,A
105923,D
105924,A
105925,D
105926,B
105927,D
105928,A
105929,B
105930,A
105931,D
105932,D
105933,A
105934,B
105935,C
105936,B
105937,A
105938,C
105939,D
105940,D
105941,C
105942,A
105943,C
105944,A
105945,D
105946,C
105947,D
105948,C
105949,B
105950,C
105951,A
105952,A
105953,C
105954,B
105955,B
105956,A
105957,B
105958,C
105959,B
105960,A
105961,D
105962,D
105963,C
105964,A
105965,A
105966,B
105967,C
105968,A
105969,B
105970,A
105971,A
105972,A
105973,A
105974,B
105975,C
105976,B
105977,B
105978,A
105979,D
105980,C
105981,B
105982,B
105983,C
105984,B
105985,D
105986,D
105987,C
105988,D
105989,B
105990,A
105991,A
105992,D
105993,A
105994,D
105995,D
105996,A
105997,B
105998,A
105999,C
106000,B
106001,A
106002,D
106003,B
106004,D
106005,B
106006,B
106007,D
106008,A
106009,B
106010,A
106011,C
106012,B
106013,C
106014,A
106015,B
106016,C
106017,A
106018,A
106019,D
106020,B
106021,B
106022,A
106023,B
106024,A
106025,B
106026,D
106027,D
106028,D
106029,D
106030,B
106031,D
106032,B
106033,A
106034,D
106035,C
106036,D
106037,C
106038,B
106039,C
106040,A
106041,D
106042,A
106043,A
106044,D
106045,C
106046,A
106047,D
106048,A
106049,C
106050,D
106051,C
106052,B
106053,B
106054,A
106055,B
106056,A
106057,B
106058,D
106059,A
106060,C
106061,C
106062,B
106063,D
106064,B
106065,D
106066,A
106067,C
106068,D
106069,D
106070,C
106071,B
106072,A
106073,C
106074,A
106075,A
106076,B
106077,A
106078,C
106079,C
106080,B
106081,A
106082,C
106083,A
106084,C
106085,B
106086,B
106087,B
106088,C
106089,B
106090,C
106091,C
106092,A
106093,A
106094,A
106095,C
106096,D
106097,A
106098,C
106099,D
106100,C
106101,A
106102,B
106103,A
106104,D
106105,B
106106,D
106107,C
106108,A
106109,B
106110,D
106111,B
106112,C
106113,A
106114,A
106115,D
106116,B
106117,C
106118,A
106119,A
106120,C
106121,D
106122,C
106123,D
106124,C
106125,C
106126,C
106127,A
106128,C
106129,C
106130,B
106131,A
106132,A
106133,C
106134,B
106135,B
106136,C
106137,B
106138,B
106139,C
106140,A
106141,B
106142,D
106143,B
106144,C
106145,A
106146,D
106147,D
106148,A
106149,A
106150,B
106151,D
106152,D
106153,A
106154,C
106155,B
106156,A
106157,C
106158,B
106159,D
106160,A
106161,B
106162,A
106163,B
106164,D
106165,C
106166,B
106167,C
106168,A
106169,A
106170,C
106171,A
106172,D
106173,B
106174,C
106175,D
106176,A
106177,D
106178,B
106179,C
106180,D
106181,D
106182,C
106183,C
106184,A
106185,D
106186,D
106187,C
106188,C
106189,B
106190,C
106191,C
106192,C
106193,A
106194,C
106195,A
106196,A
106197,B
106198,D
106199,D
106200,A
106201,C
106202,C
106203,C
106204,B
106205,A
106206,A
106207,C
106208,C
106209,D
106210,B
106211,C
106212,A
106213,D
106214,C
106215,D
106216,B
106217,A
106218,D
106219,C
106220,D
106221,B
106222,A
106223,B
106224,C
106225,D
106226,B
106227,A
106228,D
106229,B
106230,D
106231,C
106232,B
106233,A
106234,D
106235,B
106236,C
106237,C
106238,C
106239,A
106240,A
106241,C
106242,B
106243,A
106244,B
106245,D
106246,A
106247,D
106248,C
106249,C
106250,A
106251,C
106252,B
106253,D
106254,C
106255,A
106256,B
106257,D
106258,C
106259,C
106260,A
106261,A
106262,A
106263,A
106264,C
106265,B
106266,C
106267,B
106268,A
106269,C
106270,D
106271,C
106272,D
106273,C
106274,A
106275,D
106276,A
106277,C
106278,B
106279,A
106280,A
106281,D
106282,B
106283,C
106284,D
106285,D
106286,C
106287,A
106288,D
106289,C
106290,A
106291,B
106292,C
106293,A
106294,B
106295,D
106296,A
106297,D
106298,A
106299,B
106300,B
106301,A
106302,A
106303,B
106304,B
106305,B
106306,B
106307,A
106308,C
106309,B
106310,B
106311,A
106312,D
106313,D
106314,D
106315,A
106316,B
106317,B
106318,D
106319,A
106320,A
106321,D
106322,B
106323,C
106324,D
106325,C
106326,A
106327,B
106328,D
106329,C
106330,D
106331,B
106332,A
106333,C
106334,C
106335,A
106336,B
106337,C
106338,A
106339,C
106340,D
106341,D
106342,D
106343,C
106344,B
106345,A
106346,B
106347,A
106348,D
106349,C
106350,A
106351,C
106352,D
106353,B
106354,C
106355,A
106356,D
106357,A
106358,A
106359,C
106360,D
106361,A
106362,D
106363,A
106364,B
106365,B
106366,D
106367,C
106368,A
106369,D
106370,B
106371,A
106372,C
106373,C
106374,D
106375,D
106376,A
106377,A
106378,A
106379,C
106380,C
106381,A
106382,D
106383,A
106384,B
106385,D
106386,A
106387,A
106388,B
106389,B
106390,B
106391,B
106392,B
106393,D
106394,B
106395,D
106396,D
106397,D
106398,D
106399,B
106400,A
106401,B
106402,A
106403,A
106404,D
106405,D
106406,C
106407,D
106408,D
106409,D
106410,C
106411,C
106412,A
106413,C
106414,B
106415,A
106416,B
106417,C
106418,C
106419,A
106420,D
106421,D
106422,D
106423,B
106424,B
106425,B
106426,A
106427,A
106428,A
106429,D
106430,C
106431,B
106432,C
106433,A
106434,D
106435,B
106436,D
106437,B
106438,D
106439,B
106440,C
106441,D
106442,B
106443,D
106444,D
106445,D
106446,B
106447,C
106448,A
106449,A
106450,D
106451,B
106452,D
106453,C
106454,D
106455,A
106456,A
106457,B
106458,C
106459,D
106460,A
106461,A
106462,A
106463,C
106464,C
106465,B
106466,B
106467,D
106468,C
106469,A
106470,B
106471,B
106472,D
106473,A
106474,B
106475,C
106476,D
106477,C
106478,B
106479,C
106480,A
106481,B
106482,B
106483,C
106484,C
106485,A
106486,C
106487,A
106488,A
106489,D
106490,B
106491,A
106492,B
106493,B
106494,B
106495,B
106496,D
106497,D
106498,C
106499,A
106500,A
106501,C
106502,A
106503,A
106504,B
106505,B
106506,D
106507,D
106508,A
106509,A
106510,A
106511,A
106512,B
106513,C
106514,A
106515,A
106516,C
106517,C
106518,C
106519,C
106520,A
106521,B
106522,B
106523,D
106524,C
106525,B
106526,B
106527,D
106528,A
106529,B
106530,A
106531,D
106532,D
106533,D
106534,C
106535,B
106536,A
106537,D
106538,D
106539,C
106540,C
106541,A
106542,B
106543,D
106544,B
106545,D
106546,B
106547,C
106548,D
106549,D
106550,A
106551,C
106552,C
106553,C
106554,D
106555,D
106556,C
106557,A
106558,C
106559,B
106560,B
106561,A
106562,C
106563,D
106564,D
106565,B
106566,D
106567,C
106568,A
106569,B
106570,D
106571,C
106572,C
106573,D
106574,B
106575,D
106576,B
106577,C
106578,B
106579,B
106580,D
106581,B
106582,C
106583,B
106584,D
106585,D
106586,C
106587,D
106588,C
106589,D
106590,D
106591,D
106592,A
106593,C
106594,A
106595,D
106596,A
106597,C
106598,D
106599,D
106600,B
106601,B
106602,A
106603,D
106604,C
106605,A
106606,D
106607,B
106608,A
106609,D
106610,A
106611,D
106612,C
106613,B
106614,C
106615,C
106616,C
106617,C
106618,A
106619,D
106620,A
106621,B
106622,C
106623,D
106624,D
106625,D
106626,D
106627,A
106628,A
106629,B
106630,D
106631,C
106632,D
106633,B
106634,B
106635,C
106636,C
106637,D
106638,D
106639,D
106640,D
106641,C
106642,C
106643,A
106644,B
106645,D
106646,D
106647,A
106648,B
106649,D
106650,D
106651,D
106652,A
106653,D
106654,C
106655,B
106656,C
106657,A
106658,C
106659,C
106660,A
106661,B
106662,B
106663,D
106664,D
106665,B
106666,B
106667,A
106668,A
106669,C
106670,B
106671,B
106672,A
106673,C
106674,B
106675,A
106676,B
106677,D
106678,A
106679,B
106680,C
106681,A
106682,C
106683,A
106684,B
106685,C
106686,B
106687,B
106688,D
106689,C
106690,D
106691,B
106692,C
106693,A
106694,A
106695,C
106696,B
106697,C
106698,C
106699,C
106700,C
106701,C
106702,C
106703,B
106704,D
106705,B
106706,A
106707,C
106708,B
106709,A
106710,B
106711,C
106712,C
106713,B
106714,B
106715,D
106716,C
106717,D
106718,B
106719,D
106720,C
106721,D
106722,A
106723,B
106724,D
106725,B
106726,D
106727,C
106728,A
106729,A
106730,C
106731,B
106732,D
106733,A
106734,A
106735,C
106736,D
106737,A
106738,A
106739,B
106740,C
106741,C
106742,C
106743,D
106744,A
106745,C
106746,A
106747,D
106748,A
106749,B
106750,C
106751,D
106752,C
106753,A
106754,C
106755,A
106756,A
106757,C
106758,D
106759,A
106760,C
106761,C
106762,C
106763,C
106764,B
106765,B
106766,B
106767,B
106768,C
106769,C
106770,D
106771,B
106772,B
106773,D
106774,A
106775,D
106776,D
106777,B
106778,B
106779,A
106780,C
106781,A
106782,B
106783,B
106784,B
106785,C
106786,D
106787,B
106788,C
106789,A
106790,B
106791,A
106792,B
106793,D
106794,D
106795,D
106796,C
106797,D
106798,D
106799,D
106800,C
106801,D
106802,A
106803,C
106804,A
106805,B
106806,D
106807,B
106808,A
106809,B
106810,B
106811,A
106812,A
106813,D
106814,A
106815,A
106816,A
106817,C
106818,B
106819,C
106820,A
106821,D
106822,A
106823,B
106824,A
106825,D
106826,D
106827,D
106828,C
106829,C
106830,C
106831,A
106832,B
106833,C
106834,B
106835,B
106836,C
106837,B
106838,A
106839,C
106840,B
106841,D
106842,D
106843,B
106844,D
106845,B
106846,C
106847,D
106848,B
106849,C
106850,A
106851,D
106852,D
106853,D
106854,B
106855,C
106856,B
106857,C
106858,D
106859,D
106860,D
106861,C
106862,C
106863,B
106864,B
106865,D
106866,A
106867,D
106868,C
106869,C
106870,C
106871,C
106872,C
106873,C
106874,A
106875,A
106876,C
106877,B
106878,D
106879,B
106880,D
106881,A
106882,D
106883,A
106884,C
106885,C
106886,D
106887,C
106888,C
106889,C
106890,C
106891,D
106892,C
106893,B
106894,D
106895,A
106896,C
106897,D
106898,C
106899,C
106900,C
106901,C
106902,D
106903,C
106904,A
106905,D
106906,A
106907,D
106908,A
106909,B
106910,A
106911,C
106912,A
106913,C
106914,D
106915,D
106916,C
106917,C
106918,A
106919,D
106920,B
106921,C
106922,C
106923,D
106924,A
106925,D
106926,A
106927,B
106928,D
106929,C
106930,C
106931,D
106932,A
106933,D
106934,D
106935,C
106936,C
106937,A
106938,B
106939,B
106940,B
106941,D
106942,D
106943,B
106944,A
106945,C
106946,B
106947,C
106948,C
106949,B
106950,C
106951,A
106952,B
106953,C
106954,A
106955,B
106956,C
106957,D
106958,C
106959,C
106960,C
106961,C
106962,C
106963,C
106964,B
106965,A
106966,A
106967,B
106968,D
106969,A
106970,D
106971,C
106972,A
106973,B
106974,B
106975,B
106976,D
106977,D
106978,B
106979,C
106980,D
106981,A
106982,C
106983,C
106984,D
106985,B
106986,D
106987,A
106988,D
106989,D
106990,C
106991,C
106992,B
106993,D
106994,A
106995,C
106996,C
106997,D
106998,A
106999,C
107000,B
107001,A
107002,A
107003,B
107004,C
107005,A
107006,A
107007,B
107008,B
107009,D
107010,C
107011,B
107012,A
107013,D
107014,D
107015,D
107016,A
107017,B
107018,D
107019,B
107020,C
107021,A
107022,C
107023,B
107024,B
107025,C
107026,A
107027,B
107028,B
107029,B
107030,A
107031,C
107032,A
107033,D
107034,A
107035,B
107036,C
107037,D
107038,B
107039,D
107040,B
107041,D
107042,B
107043,C
107044,C
107045,C
107046,B
107047,C
107048,D
107049,C
107050,B
107051,C
107052,D
107053,A
107054,D
107055,C
107056,B
107057,A
107058,C
107059,C
107060,A
107061,B
107062,B
107063,A
107064,B
107065,D
107066,C
107067,D
107068,A
107069,A
107070,D
107071,C
107072,A
107073,A
107074,C
107075,B
107076,D
107077,C
107078,C
107079,D
107080,C
107081,C
107082,C
107083,A
107084,B
107085,B
107086,B
107087,B
107088,B
107089,C
107090,D
107091,C
107092,D
107093,A
107094,A
107095,D
107096,D
107097,C
107098,C
107099,B
107100,D
107101,D
107102,D
107103,B
107104,A
107105,B
107106,D
107107,D
107108,A
107109,D
107110,D
107111,C
107112,C
107113,A
107114,C
107115,B
107116,A
107117,B
107118,D
107119,D
107120,C
107121,B
107122,C
107123,A
107124,A
107125,D
107126,D
107127,A
107128,C
107129,D
107130,C
107131,D
107132,B
107133,A
107134,A
107135,C
107136,C
107137,A
107138,A
107139,A
107140,C
107141,A
107142,C
107143,A
107144,C
107145,A
107146,D
107147,B
107148,B
107149,C
107150,C
107151,C
107152,A
107153,C
107154,D
107155,D
107156,A
107157,C
107158,C
107159,C
107160,D
107161,C
107162,D
107163,B
107164,D
107165,B
107166,A
107167,A
107168,D
107169,A
107170,A
107171,C
107172,C
107173,C
107174,B
107175,C
107176,B
107177,D
107178,D
107179,D
107180,A
107181,D
107182,D
107183,C
107184,C
107185,C
107186,B
107187,D
107188,C
107189,C
107190,A
107191,A
107192,B
107193,B
107194,C
107195,A
107196,B
107197,B
107198,D
107199,C
107200,B
107201,D
107202,D
107203,B
107204,B
107205,D
107206,B
107207,C
107208,C
107209,C
107210,A
107211,B
107212,B
107213,C
107214,D
107215,A
107216,D
107217,C
107218,B
107219,D
107220,C
107221,B
107222,D
107223,A
107224,A
107225,A
107226,A
107227,A
107228,A
107229,C
107230,A
107231,D
107232,B
107233,B
107234,A
107235,A
107236,C
107237,C
107238,A
107239,D
107240,A
107241,B
107242,A
107243,C
107244,B
107245,C
107246,A
107247,A
107248,C
107249,A
107250,C
107251,B
107252,A
107253,D
107254,A
107255,D
107256,B
107257,C
107258,D
107259,C
107260,D
107261,B
107262,A
107263,C
107264,C
107265,D
107266,C
107267,D
107268,C
107269,A
107270,A
107271,B
107272,C
107273,A
107274,D
107275,D
107276,B
107277,B
107278,D
107279,A
107280,A
107281,C
107282,C
107283,A
107284,B
107285,D
107286,A
107287,B
107288,D
107289,D
107290,D
107291,B
107292,B
107293,A
107294,C
107295,C
107296,A
107297,D
107298,C
107299,B
107300,B
107301,C
107302,B
107303,B
107304,D
107305,A
107306,C
107307,B
107308,D
107309,C
107310,A
107311,D
107312,C
107313,A
107314,B
107315,C
107316,B
107317,B
107318,D
107319,A
107320,C
107321,C
107322,D
107323,B
107324,D
107325,A
107326,D
107327,A
107328,C
107329,B
107330,C
107331,C
107332,A
107333,B
107334,B
107335,B
107336,C
107337,B
107338,D
107339,C
107340,C
107341,B
107342,D
107343,B
107344,C
107345,B
107346,D
107347,B
107348,B
107349,A
107350,B
107351,C
107352,B
107353,A
107354,D
107355,D
107356,C
107357,B
107358,B
107359,C
107360,A
107361,D
107362,D
107363,D
107364,D
107365,D
107366,A
107367,D
107368,A
107369,B
107370,A
107371,B
107372,B
107373,B
107374,C
107375,A
107376,A
107377,B
107378,C
107379,D
107380,C
107381,D
107382,C
107383,D
107384,C
107385,B
107386,A
107387,B
107388,D
107389,B
107390,C
107391,C
107392,D
107393,B
107394,D
107395,B
107396,B
107397,A
107398,D
107399,C
107400,B
107401,D
107402,D
107403,B
107404,B
107405,A
107406,D
107407,D
107408,C
107409,B
107410,B
107411,B
107412,A
107413,C
107414,B
107415,B
107416,B
107417,B
107418,D
107419,B
107420,D
107421,C
107422,B
107423,A
107424,D
107425,C
107426,D
107427,C
107428,B
107429,C
107430,C
107431,A
107432,D
107433,C
107434,C
107435,A
107436,B
107437,D
107438,C
107439,B
107440,B
107441,A
107442,A
107443,A
107444,C
107445,C
107446,B
107447,C
107448,B
107449,D
107450,D
107451,A
107452,C
107453,C
107454,A
107455,D
107456,A
107457,D
107458,B
107459,C
107460,C
107461,B
107462,A
107463,D
107464,B
107465,C
107466,C
107467,A
107468,C
107469,D
107470,A
107471,B
107472,B
107473,C
107474,B
107475,C
107476,D
107477,D
107478,D
107479,C
107480,A
107481,B
107482,D
107483,C
107484,D
107485,B
107486,D
107487,C
107488,A
107489,A
107490,B
107491,D
107492,B
107493,D
107494,A
107495,C
107496,A
107497,C
107498,C
107499,C
107500,B
107501,A
107502,C
107503,B
107504,B
107505,C
107506,D
107507,A
107508,D
107509,D
107510,D
107511,D
107512,D
107513,D
107514,C
107515,D
107516,A
107517,B
107518,A
107519,B
107520,C
107521,B
107522,D
107523,C
107524,B
107525,B
107526,A
107527,A
107528,A
107529,A
107530,D
107531,A
107532,C
107533,A
107534,B
107535,C
107536,A
107537,B
107538,D
107539,C
107540,C
107541,C
107542,D
107543,C
107544,A
107545,D
107546,D
107547,A
107548,B
107549,C
107550,D
107551,C
107552,B
107553,D
107554,A
107555,A
107556,C
107557,A
107558,B
107559,D
107560,D
107561,A
107562,A
107563,D
107564,A
107565,B
107566,D
107567,B
107568,B
107569,D
107570,C
107571,C
107572,A
107573,C
107574,B
107575,A
107576,A
107577,C
107578,C
107579,A
107580,B
107581,B
107582,A
107583,D
107584,B
107585,C
107586,B
107587,C
107588,B
107589,D
107590,B
107591,B
107592,D
107593,B
107594,A
107595,C
107596,C
107597,C
107598,C
107599,D
107600,C
107601,D
107602,B
107603,C
107604,D
107605,C
107606,A
107607,A
107608,D
107609,A
107610,B
107611,C
107612,C
107613,B
107614,A
107615,A
107616,B
107617,A
107618,C
107619,A
107620,B
107621,B
107622,D
107623,C
107624,B
107625,B
107626,C
107627,D
107628,C
107629,A
107630,B
107631,C
107632,C
107633,B
107634,A
107635,D
107636,D
107637,C
107638,A
107639,B
107640,A
107641,C
107642,C
107643,C
107644,B
107645,B
107646,A
107647,B
107648,A
107649,A
107650,C
107651,A
107652,D
107653,C
107654,D
107655,B
107656,D
107657,D
107658,A
107659,C
107660,D
107661,A
107662,D
107663,B
107664,B
107665,B
107666,C
107667,C
107668,C
107669,C
107670,B
107671,D
107672,C
107673,C
107674,C
107675,A
107676,C
107677,D
107678,D
107679,C
107680,B
107681,D
107682,C
107683,D
107684,D
107685,D
107686,C
107687,A
107688,B
107689,B
107690,B
107691,B
107692,A
107693,A
107694,A
107695,A
107696,A
107697,D
107698,B
107699,B
107700,A
107701,B
107702,C
107703,D
107704,B
107705,C
107706,C
107707,D
107708,B
107709,D
107710,B
107711,C
107712,A
107713,C
107714,B
107715,D
107716,D
107717,D
107718,B
107719,C
107720,A
107721,A
107722,D
107723,D
107724,C
107725,C
107726,B
107727,B
107728,B
107729,D
107730,C
107731,B
107732,C
107733,A
107734,B
107735,D
107736,C
107737,A
107738,B
107739,C
107740,D
107741,A
107742,C
107743,B
107744,D
107745,A
107746,C
107747,A
107748,B
107749,A
107750,B
107751,A
107752,A
107753,D
107754,D
107755,B
107756,D
107757,A
107758,D
107759,B
107760,B
107761,D
107762,C
107763,A
107764,C
107765,B
107766,B
107767,A
107768,C
107769,C
107770,D
107771,D
107772,B
107773,A
107774,D
107775,D
107776,B
107777,C
107778,C
107779,D
107780,C
107781,A
107782,C
107783,A
107784,B
107785,D
107786,B
107787,B
107788,A
107789,D
107790,A
107791,B
107792,C
107793,A
107794,C
107795,C
107796,C
107797,B
107798,A
107799,B
107800,C
107801,C
107802,B
107803,A
107804,C
107805,D
107806,C
107807,B
107808,A
107809,A
107810,D
107811,A
107812,C
107813,C
107814,A
107815,A
107816,C
107817,D
107818,B
107819,C
107820,C
107821,A
107822,A
107823,C
107824,A
107825,B
107826,B
107827,D
107828,C
107829,B
107830,A
107831,B
107832,D
107833,D
107834,D
107835,D
107836,A
107837,A
107838,B
107839,D
107840,C
107841,B
107842,D
107843,C
107844,C
107845,D
107846,B
107847,C
107848,D
107849,B
107850,B
107851,B
107852,B
107853,D
107854,D
107855,D
107856,B
107857,A
107858,D
107859,A
107860,D
107861,B
107862,B
107863,D
107864,A
107865,A
107866,C
107867,B
107868,B
107869,B
107870,D
107871,B
107872,C
107873,D
107874,D
107875,B
107876,C
107877,D
107878,A
107879,D
107880,A
107881,A
107882,A
107883,C
107884,C
107885,A
107886,D
107887,D
107888,B
107889,B
107890,D
107891,C
107892,C
107893,C
107894,C
107895,B
107896,A
107897,C
107898,A
107899,B
107900,A
107901,C
107902,A
107903,D
107904,B
107905,C
107906,D
107907,A
107908,C
107909,B
107910,A
107911,B
107912,D
107913,A
107914,D
107915,B
107916,B
107917,A
107918,B
107919,C
107920,B
107921,D
107922,A
107923,C
107924,A
107925,A
107926,C
107927,C
107928,B
107929,D
107930,C
107931,C
107932,D
107933,D
107934,D
107935,C
107936,C
107937,C
107938,B
107939,D
107940,A
107941,A
107942,C
107943,D
107944,B
107945,D
107946,B
107947,A
107948,B
107949,B
107950,A
107951,D
107952,B
107953,D
107954,A
107955,B
107956,C
107957,D
107958,A
107959,C
107960,A
107961,A
107962,D
107963,C
107964,B
107965,C
107966,A
107967,C
107968,C
107969,D
107970,A
107971,D
107972,B
107973,A
107974,C
107975,C
107976,B
107977,C
107978,D
107979,B
107980,C
107981,D
107982,C
107983,C
107984,A
107985,D
107986,C
107987,A
107988,A
107989,B
107990,B
107991,C
107992,C
107993,D
107994,D
107995,B
107996,D
107997,B
107998,B
107999,D
108000,A
108001,B
108002,A
108003,D
108004,A
108005,B
108006,C
108007,C
108008,A
108009,B
108010,A
108011,B
108012,A
108013,C
108014,B
108015,A
108016,A
108017,B
108018,B
108019,C
108020,C
108021,D
108022,B
108023,B
108024,D
108025,B
108026,B
108027,A
108028,D
108029,B
108030,C
108031,C
108032,D
108033,B
108034,A
108035,B
108036,D
108037,A
108038,D
108039,A
108040,D
108041,C
108042,C
108043,A
108044,D
108045,A
108046,D
108047,B
108048,B
108049,B
108050,A
108051,C
108052,D
108053,D
108054,B
108055,C
108056,B
108057,D
108058,A
108059,C
108060,C
108061,B
108062,A
108063,D
108064,D
108065,B
108066,C
108067,A
108068,D
108069,D
108070,C
108071,A
108072,C
108073,A
108074,D
108075,A
108076,C
108077,B
108078,D
108079,D
108080,D
108081,B
108082,A
108083,A
108084,B
108085,C
108086,B
108087,D
108088,B
108089,A
108090,B
108091,A
108092,C
108093,D
108094,B
108095,D
108096,D
108097,B
108098,D
108099,C
108100,A
108101,C
108102,B
108103,C
108104,C
108105,D
108106,A
108107,C
108108,D
108109,C
108110,D
108111,D
108112,B
108113,D
108114,C
108115,B
108116,D
108117,A
108118,C
108119,C
108120,B
108121,B
108122,C
108123,C
108124,C
108125,C
108126,A
108127,D
108128,A
108129,A
108130,B
108131,C
108132,D
108133,A
108134,A
108135,C
108136,C
108137,B
108138,B
108139,D
108140,B
108141,A
108142,D
108143,B
108144,A
108145,B
108146,C
108147,C
108148,B
108149,B
108150,A
108151,A
108152,A
108153,C
108154,B
108155,A
108156,B
108157,B
108158,C
108159,B
108160,D
108161,C
108162,A
108163,D
108164,D
108165,A
108166,B
108167,A
108168,D
108169,D
108170,B
108171,B
108172,B
108173,B
108174,B
108175,C
108176,D
108177,D
108178,A
108179,B
108180,C
108181,B
108182,D
108183,D
108184,A
108185,D
108186,C
108187,D
108188,C
108189,A
108190,A
108191,C
108192,D
108193,C
108194,C
108195,A
108196,A
108197,B
108198,C
108199,B
108200,B
108201,B
108202,A
108203,A
108204,D
108205,B
108206,A
108207,A
108208,C
108209,A
108210,A
108211,A
108212,B
108213,A
108214,B
108215,B
108216,D
108217,C
108218,D
108219,B
108220,C
108221,C
108222,D
108223,C
108224,C
108225,D
108226,C
108227,B
108228,A
108229,B
108230,B
108231,B
108232,B
108233,C
108234,B
108235,C
108236,A
108237,A
108238,B
108239,B
108240,C
108241,B
108242,C
108243,D
108244,A
108245,B
108246,D
108247,D
108248,C
108249,B
108250,C
108251,A
108252,A
108253,A
108254,D
108255,D
108256,D
108257,A
108258,C
108259,B
108260,C
108261,B
108262,A
108263,B
108264,D
108265,D
108266,D
108267,C
108268,A
108269,C
108270,D
108271,C
108272,A
108273,B
108274,C
108275,A
108276,A
108277,A
108278,D
108279,C
108280,B
108281,A
108282,C
108283,D
108284,D
108285,A
108286,A
108287,C
108288,B
108289,A
108290,B
108291,B
108292,C
108293,A
108294,C
108295,A
108296,A
108297,D
108298,B
108299,C
108300,B
108301,B
108302,D
108303,D
108304,C
108305,A
108306,B
108307,A
108308,C
108309,A
108310,D
108311,A
108312,A
108313,C
108314,C
108315,B
108316,A
108317,A
108318,D
108319,D
108320,A
108321,D
108322,D
108323,C
108324,B
108325,A
108326,C
108327,D
108328,B
108329,C
108330,D
108331,C
108332,C
108333,D
108334,D
108335,B
108336,D
108337,D
108338,C
108339,D
108340,A
108341,A
108342,B
108343,B
108344,D
108345,A
108346,A
108347,A
108348,A
108349,B
108350,C
108351,D
108352,D
108353,D
108354,A
108355,C
108356,B
108357,D
108358,A
108359,B
108360,C
108361,A
108362,D
108363,C
108364,D
108365,C
108366,C
108367,D
108368,B
108369,A
108370,A
108371,A
108372,A
108373,D
108374,B
108375,D
108376,A
108377,B
108378,A
108379,A
108380,B
108381,B
108382,D
108383,D
108384,A
108385,D
108386,B
108387,C
108388,C
108389,C
108390,A
108391,D
108392,B
108393,B
108394,B
108395,A
108396,A
108397,C
108398,C
108399,C
108400,A
108401,D
108402,A
108403,B
108404,D
108405,B
108406,C
108407,B
108408,C
108409,A
108410,C
108411,D
108412,A
108413,A
108414,A
108415,A
108416,D
108417,D
108418,B
108419,C
108420,D
108421,D
108422,A
108423,C
108424,D
108425,B
108426,C
108427,D
108428,D
108429,B
108430,A
108431,D
108432,A
108433,D
108434,D
108435,C
108436,D
108437,A
108438,B
108439,A
108440,C
108441,C
108442,B
108443,B
108444,C
108445,D
108446,B
108447,C
108448,A
108449,A
108450,B
108451,C
108452,A
108453,C
108454,B
108455,B
108456,C
108457,C
108458,A
108459,B
108460,D
108461,B
108462,A
108463,B
108464,B
108465,B
108466,B
108467,A
108468,C
108469,B
108470,A
108471,C
108472,B
108473,C
108474,A
108475,B
108476,A
108477,D
108478,D
108479,B
108480,A
108481,D
108482,D
108483,D
108484,A
108485,A
108486,D
108487,B
108488,C
108489,B
108490,A
108491,D
108492,C
108493,B
108494,C
108495,A
108496,D
108497,A
108498,D
108499,B
108500,B
108501,C
108502,D
108503,D
108504,A
108505,B
108506,C
108507,B
108508,D
108509,A
108510,C
108511,C
108512,B
108513,A
108514,D
108515,A
108516,B
108517,C
108518,C
108519,B
108520,B
108521,D
108522,C
108523,C
108524,A
108525,B
108526,C
108527,C
108528,C
108529,B
108530,A
108531,A
108532,A
108533,B
108534,C
108535,A
108536,C
108537,C
108538,D
108539,D
108540,A
108541,A
108542,B
108543,A
108544,C
108545,B
108546,B
108547,C
108548,C
108549,D
108550,A
108551,B
108552,C
108553,C
108554,C
108555,A
108556,C
108557,C
108558,A
108559,D
108560,D
108561,D
108562,C
108563,C
108564,B
108565,B
108566,B
108567,A
108568,B
108569,C
108570,D
108571,C
108572,A
108573,A
108574,D
108575,C
108576,B
108577,A
108578,B
108579,B
108580,D
108581,A
108582,A
108583,A
108584,A
108585,D
108586,A
108587,C
108588,C
108589,C
108590,B
108591,B
108592,D
108593,A
108594,A
108595,C
108596,B
108597,B
108598,D
108599,B
108600,A
108601,A
108602,C
108603,B
108604,C
108605,A
108606,A
108607,D
108608,D
108609,C
108610,D
108611,C
108612,A
108613,C
108614,D
108615,D
108616,A
108617,A
108618,A
108619,B
108620,C
108621,C
108622,A
108623,D
108624,B
108625,B
108626,C
108627,D
108628,A
108629,B
108630,A
108631,C
108632,D
108633,A
108634,B
108635,D
108636,A
108637,D
108638,D
108639,D
108640,C
108641,C
108642,D
108643,D
108644,C
108645,B
108646,D
108647,C
108648,A
108649,B
108650,B
108651,C
108652,B
108653,D
108654,B
108655,D
108656,D
108657,B
108658,C
108659,D
108660,C
108661,A
108662,A
108663,B
108664,D
108665,C
108666,C
108667,C
108668,B
108669,B
108670,C
108671,D
108672,C
108673,C
108674,A
108675,B
108676,D
108677,C
108678,D
108679,B
108680,C
108681,B
108682,B
108683,C
108684,D
108685,B
108686,C
108687,A
108688,A
108689,A
108690,A
108691,B
108692,A
108693,C
108694,C
108695,A
108696,C
108697,C
108698,C
108699,C
108700,D
108701,B
108702,C
108703,A
108704,A
108705,D
108706,D
108707,C
108708,B
108709,D
108710,C
108711,B
108712,D
108713,C
108714,D
108715,A
108716,B
108717,D
108718,A
108719,D
108720,B
108721,C
108722,B
108723,A
108724,D
108725,B
108726,B
108727,D
108728,C
108729,D
108730,A
108731,C
108732,A
108733,C
108734,A
108735,C
108736,C
108737,C
108738,B
108739,C
108740,A
108741,A
108742,A
108743,C
108744,C
108745,A
108746,C
108747,B
108748,A
108749,B
108750,A
108751,C
108752,D
108753,C
108754,A
108755,D
108756,B
108757,A
108758,D
108759,C
108760,D
108761,A
108762,B
108763,B
108764,B
108765,B
108766,A
108767,D
108768,A
108769,C
108770,D
108771,A
108772,A
108773,D
108774,A
108775,C
108776,A
108777,B
108778,C
108779,B
108780,D
108781,A
108782,D
108783,C
108784,B
108785,A
108786,A
108787,A
108788,A
108789,C
108790,D
108791,A
108792,C
108793,D
108794,B
108795,D
108796,D
108797,D
108798,D
108799,C
108800,C
108801,B
108802,A
108803,C
108804,D
108805,C
108806,B
108807,D
108808,D
108809,B
108810,C
108811,D
108812,B
108813,D
108814,A
108815,A
108816,D
108817,C
108818,C
108819,C
108820,A
108821,C
108822,A
108823,A
108824,D
108825,D
108826,B
108827,C
108828,C
108829,B
108830,C
108831,D
108832,B
108833,B
108834,A
108835,C
108836,D
108837,D
108838,C
108839,D
108840,B
108841,B
108842,B
108843,D
108844,D
108845,C
108846,B
108847,D
108848,D
108849,A
108850,D
108851,C
108852,B
108853,B
108854,D
108855,B
108856,C
108857,D
108858,D
108859,A
108860,A
108861,A
108862,C
108863,B
108864,D
108865,B
108866,D
108867,D
108868,C
108869,B
108870,C
108871,C
108872,A
108873,B
108874,A
108875,A
108876,A
108877,D
108878,C
108879,D
108880,C
108881,D
108882,C
108883,D
108884,B
108885,D
108886,B
108887,D
108888,A
108889,C
108890,D
108891,A
108892,D
108893,B
108894,C
108895,A
108896,C
108897,B
108898,B
108899,A
108900,D
108901,B
108902,A
108903,A
108904,B
108905,A
108906,A
108907,A
108908,C
108909,B
108910,A
108911,B
108912,D
108913,B
108914,C
108915,B
108916,D
108917,A
108918,B
108919,C
108920,A
108921,D
108922,C
108923,A
108924,C
108925,B
108926,A
108927,D
108928,C
108929,A
108930,C
108931,B
108932,C
108933,D
108934,B
108935,D
108936,C
108937,B
108938,C
108939,B
108940,A
108941,B
108942,A
108943,C
108944,D
108945,A
108946,C
108947,D
108948,D
108949,D
108950,A
108951,A
108952,B
108953,B
108954,D
108955,C
108956,C
108957,A
108958,B
108959,D
108960,B
108961,A
108962,A
108963,A
108964,D
108965,B
108966,B
108967,C
108968,D
108969,B
108970,B
108971,C
108972,C
108973,D
108974,D
108975,A
108976,C
108977,B
108978,C
108979,A
108980,C
108981,B
108982,B
108983,B
108984,A
108985,A
108986,D
108987,D
108988,C
108989,B
108990,D
108991,C
108992,C
108993,D
108994,A
108995,B
108996,C
108997,D
108998,A
108999,C
109000,D
109001,A
109002,B
109003,C
109004,B
109005,C
109006,C
109007,A
109008,B
109009,B
109010,D
109011,C
109012,B
109013,D
109014,B
109015,D
109016,B
109017,A
109018,B
109019,A
109020,A
109021,C
109022,C
109023,B
109024,A
109025,A
109026,B
109027,B
109028,A
109029,D
109030,C
109031,A
109032,D
109033,C
109034,B
109035,B
109036,C
109037,B
109038,D
109039,A
109040,D
109041,B
109042,A
109043,A
109044,D
109045,D
109046,D
109047,B
109048,C
109049,A
109050,A
109051,B
109052,B
109053,D
109054,C
109055,B
109056,A
109057,B
109058,D
109059,A
109060,B
109061,A
109062,A
109063,D
109064,B
109065,D
109066,C
109067,D
109068,B
109069,B
109070,A
109071,C
109072,D
109073,C
109074,B
109075,B
109076,A
109077,C
109078,D
109079,A
109080,B
109081,B
109082,D
109083,D
109084,C
109085,B
109086,D
109087,B
109088,C
109089,B
109090,D
109091,A
109092,A
109093,A
109094,A
109095,B
109096,C
109097,A
109098,B
109099,B
109100,C
109101,C
109102,A
109103,B
109104,C
109105,B
109106,D
109107,B
109108,A
109109,A
109110,D
109111,A
109112,C
109113,D
109114,C
109115,A
109116,B
109117,D
109118,D
109119,B
109120,D
109121,D
109122,B
109123,A
109124,B
109125,A
109126,C
109127,A
109128,B
109129,B
109130,A
109131,D
109132,A
109133,A
109134,D
109135,D
109136,D
109137,A
109138,B
109139,A
109140,A
109141,B
109142,B
109143,A
109144,C
109145,D
109146,A
109147,B
109148,D
109149,C
109150,C
109151,D
109152,D
109153,B
109154,A
109155,A
109156,A
109157,D
109158,D
109159,D
109160,B
109161,C
109162,B
109163,A
109164,C
109165,B
109166,D
109167,C
109168,D
109169,C
109170,D
109171,B
109172,D
109173,B
109174,C
109175,B
109176,C
109177,D
109178,A
109179,A
109180,C
109181,D
109182,B
109183,A
109184,A
109185,B
109186,C
109187,A
109188,C
109189,B
109190,A
109191,B
109192,B
109193,A
109194,A
109195,A
109196,D
109197,B
109198,D
109199,C
109200,C
109201,C
109202,B
109203,C
109204,C
109205,D
109206,A
109207,B
109208,D
109209,D
109210,A
109211,C
109212,D
109213,C
109214,D
109215,D
109216,B
109217,B
109218,C
109219,D
109220,D
109221,C
109222,A
109223,D
109224,D
109225,A
109226,D
109227,D
109228,C
109229,A
109230,A
109231,C
109232,B
109233,C
109234,B
109235,C
109236,B
109237,A
109238,C
109239,A
109240,A
109241,D
109242,D
109243,C
109244,D
109245,A
109246,A
109247,C
109248,B
109249,A
109250,C
109251,B
109252,A
109253,D
109254,B
109255,C
109256,B
109257,B
109258,C
109259,B
109260,A
109261,D
109262,D
109263,B
109264,C
109265,D
109266,C
109267,D
109268,D
109269,C
109270,C
109271,B
109272,D
109273,C
109274,C
109275,A
109276,C
109277,C
109278,D
109279,C
109280,A
109281,A
109282,C
109283,A
109284,B
109285,D
109286,C
109287,C
109288,B
109289,A
109290,D
109291,A
109292,B
109293,C
109294,D
109295,C
109296,D
109297,A
109298,A
109299,C
109300,A
109301,B
109302,B
109303,A
109304,D
109305,B
109306,A
109307,A
109308,A
109309,B
109310,A
109311,A
109312,C
109313,D
109314,B
109315,B
109316,B
109317,D
109318,C
109319,B
109320,A
109321,D
109322,D
109323,A
109324,B
109325,B
109326,C
109327,B
109328,D
109329,A
109330,B
109331,D
109332,C
109333,D
109334,B
109335,C
109336,C
109337,A
109338,D
109339,C
109340,D
109341,A
109342,A
109343,B
109344,A
109345,B
109346,C
109347,A
109348,B
109349,A
109350,D
109351,C
109352,C
109353,B
109354,C
109355,B
109356,A
109357,C
109358,D
109359,D
109360,B
109361,B
109362,B
109363,D
109364,D
109365,B
109366,D
109367,B
109368,B
109369,D
109370,D
109371,B
109372,A
109373,C
109374,D
109375,C
109376,D
109377,A
109378,D
109379,B
109380,A
109381,A
109382,B
109383,A
109384,D
109385,D
109386,D
109387,A
109388,D
109389,B
109390,B
109391,A
109392,B
109393,B
109394,B
109395,A
109396,B
109397,B
109398,A
109399,A
109400,D
109401,A
109402,D
109403,C
109404,D
109405,D
109406,C
109407,C
109408,B
109409,C
109410,A
109411,C
109412,B
109413,A
109414,A
109415,D
109416,A
109417,C
109418,B
109419,C
109420,B
109421,B
109422,C
109423,B
109424,A
109425,D
109426,C
109427,B
109428,C
109429,A
109430,D
109431,C
109432,B
109433,D
109434,B
109435,A
109436,A
109437,D
109438,B
109439,D
109440,D
109441,A
109442,B
109443,B
109444,D
109445,D
109446,B
109447,C
109448,B
109449,C
109450,A
109451,A
109452,C
109453,C
109454,B
109455,B
109456,B
109457,C
109458,B
109459,B
109460,A
109461,C
109462,C
109463,A
109464,B
109465,C
109466,D
109467,D
109468,D
109469,B
109470,C
109471,C
109472,B
109473,A
109474,D
109475,C
109476,B
109477,A
109478,A
109479,D
109480,D
109481,D
109482,C
109483,D
109484,D
109485,C
109486,B
109487,C
109488,C
109489,D
109490,B
109491,D
109492,C
109493,C
109494,C
109495,A
109496,B
109497,D
109498,C
109499,B
109500,D
109501,C
109502,C
109503,D
109504,A
109505,D
109506,A
109507,D
109508,A
109509,A
109510,C
109511,B
109512,B
109513,B
109514,B
109515,C
109516,D
109517,A
109518,A
109519,D
109520,B
109521,A
109522,D
109523,C
109524,C
109525,B
109526,B
109527,B
109528,D
109529,C
109530,B
109531,D
109532,C
109533,A
109534,C
109535,B
109536,D
109537,A
109538,D
109539,A
109540,B
109541,B
109542,C
109543,C
109544,B
109545,B
109546,B
109547,A
109548,D
109549,D
109550,C
109551,B
109552,C
109553,B
109554,C
109555,A
109556,A
109557,B
109558,A
109559,A
109560,C
109561,C
109562,B
109563,B
109564,D
109565,D
109566,A
109567,C
109568,C
109569,D
109570,A
109571,B
109572,C
109573,B
109574,A
109575,B
109576,C
109577,D
109578,C
109579,C
109580,B
109581,C
109582,B
109583,B
109584,D
109585,B
109586,B
109587,B
109588,A
109589,D
109590,A
109591,C
109592,D
109593,D
109594,C
109595,A
109596,C
109597,C
109598,A
109599,C
109600,D
109601,B
109602,D
109603,B
109604,D
109605,D
109606,D
109607,A
109608,D
109609,A
109610,C
109611,B
109612,A
109613,B
109614,C
109615,C
109616,C
109617,D
109618,D
109619,B
109620,A
109621,A
109622,C
109623,C
109624,A
109625,A
109626,A
109627,B
109628,A
109629,D
109630,D
109631,C
109632,A
109633,D
109634,C
109635,B
109636,A
109637,D
109638,C
109639,C
109640,C
109641,B
109642,D
109643,A
109644,D
109645,A
109646,B
109647,C
109648,D
109649,A
109650,D
109651,A
109652,B
109653,B
109654,B
109655,C
109656,B
109657,A
109658,C
109659,C
109660,D
109661,B
109662,D
109663,D
109664,B
109665,C
109666,C
109667,A
109668,D
109669,C
109670,C
109671,C
109672,D
109673,C
109674,A
109675,C
109676,B
109677,C
109678,D
109679,D
109680,A
109681,D
109682,D
109683,C
109684,D
109685,C
109686,C
109687,A
109688,A
109689,D
109690,D
109691,C
109692,A
109693,D
109694,A
109695,C
109696,A
109697,C
109698,C
109699,B
109700,A
109701,A
109702,C
109703,D
109704,B
109705,C
109706,A
109707,B
109708,D
109709,C
109710,B
109711,D
109712,B
109713,B
109714,B
109715,B
109716,D
109717,C
109718,C
109719,D
109720,A
109721,D
109722,A
109723,A
109724,D
109725,B
109726,A
109727,D
109728,A
109729,C
109730,D
109731,B
109732,A
109733,C
109734,B
109735,A
109736,B
109737,C
109738,B
109739,D
109740,D
109741,B
109742,B
109743,D
109744,B
109745,A
109746,A
109747,A
109748,A
109749,A
109750,D
109751,D
109752,A
109753,B
109754,B
109755,B
109756,C
109757,D
109758,D
109759,A
109760,A
109761,D
109762,C
109763,C
109764,D
109765,D
109766,A
109767,D
109768,A
109769,D
109770,A
109771,B
109772,C
109773,C
109774,B
109775,D
109776,A
109777,D
109778,C
109779,D
109780,B
109781,C
109782,D
109783,D
109784,A
109785,B
109786,B
109787,C
109788,B
109789,C
109790,B
109791,A
109792,D
109793,B
109794,D
109795,A
109796,D
109797,B
109798,C
109799,D
109800,C
109801,A
109802,C
109803,D
109804,D
109805,B
109806,C
109807,C
109808,C
109809,D
109810,A
109811,C
109812,A
109813,D
109814,A
109815,C
109816,C
109817,A
109818,A
109819,B
109820,B
109821,D
109822,D
109823,B
109824,A
109825,A
109826,A
109827,B
109828,D
109829,A
109830,A
109831,A
109832,A
109833,A
109834,C
109835,B
109836,A
109837,B
109838,C
109839,A
109840,B
109841,B
109842,C
109843,C
109844,D
109845,A
109846,B
109847,C
109848,C
109849,C
109850,B
109851,B
109852,C
109853,A
109854,D
109855,B
109856,D
109857,C
109858,D
109859,A
109860,B
109861,A
109862,C
109863,D
109864,D
109865,A
109866,C
109867,A
109868,B
109869,A
109870,D
109871,C
109872,D
109873,C
109874,B
109875,B
109876,A
109877,B
109878,C
109879,D
109880,D
109881,C
109882,D
109883,C
109884,D
109885,C
109886,C
109887,B
109888,D
109889,C
109890,D
109891,A
109892,C
109893,C
109894,C
109895,B
109896,B
109897,A
109898,D
109899,A
109900,B
109901,D
109902,A
109903,B
109904,C
109905,B
109906,D
109907,A
109908,B
109909,A
109910,A
109911,B
109912,D
109913,A
109914,B
109915,C
109916,D
109917,D
109918,D
109919,B
109920,D
109921,D
109922,A
109923,A
109924,B
109925,B
109926,D
109927,C
109928,A
109929,B
109930,A
109931,D
109932,B
109933,A
109934,C
109935,D
109936,C
109937,A
109938,C
109939,D
109940,A
109941,B
109942,D
109943,C
109944,B
109945,D
109946,D
109947,C
109948,D
109949,A
109950,C
109951,C
109952,C
109953,A
109954,B
109955,B
109956,D
109957,A
109958,B
109959,D
109960,D
109961,A
109962,C
109963,A
109964,D
109965,C
109966,C
109967,A
109968,D
109969,A
109970,C
109971,C
109972,C
109973,B
109974,D
109975,C
109976,D
109977,B
109978,B
109979,B
109980,D
109981,C
109982,B
109983,D
109984,D
109985,A
109986,B
109987,A
109988,C
109989,C
109990,D
109991,A
109992,A
109993,C
109994,B
109995,B
109996,B
109997,A
109998,D
109999,D
110000,A
110001,B
110002,A
110003,A
110004,D
110005,A
110006,D
110007,D
110008,D
110009,D
110010,C
110011,A
110012,C
110013,A
110014,D
110015,A
110016,B
110017,A
110018,D
110019,B
110020,B
110021,C
110022,A
110023,C
110024,A
110025,A
110026,A
110027,B
110028,D
110029,A
110030,A
110031,C
110032,B
110033,A
110034,C
110035,C
110036,B
110037,B
110038,A
110039,D
110040,C
110041,B
110042,A
110043,D
110044,B
110045,B
110046,D
110047,C
110048,A
110049,B
110050,D
110051,D
110052,C
110053,B
110054,D
110055,D
110056,D
110057,D
110058,D
110059,D
110060,C
110061,B
110062,B
110063,D
110064,A
110065,C
110066,C
110067,A
110068,C
110069,D
110070,C
110071,A
110072,D
110073,A
110074,A
110075,B
110076,A
110077,B
110078,B
110079,B
110080,B
110081,B
110082,C
110083,C
110084,C
110085,A
110086,C
110087,B
110088,A
110089,A
110090,D
110091,A
110092,D
110093,C
110094,D
110095,A
110096,B
110097,D
110098,B
110099,D
110100,C
110101,A
110102,D
110103,C
110104,B
110105,B
110106,A
110107,A
110108,A
110109,A
110110,A
110111,C
110112,D
110113,D
110114,D
110115,A
110116,A
110117,D
110118,A
110119,C
110120,D
110121,A
110122,D
110123,C
110124,C
110125,C
110126,A
110127,B
110128,A
110129,C
110130,D
110131,A
110132,C
110133,D
110134,A
110135,A
110136,B
110137,B
110138,D
110139,D
110140,A
110141,B
110142,C
110143,D
110144,D
110145,B
110146,A
110147,C
110148,D
110149,C
110150,C
110151,A
110152,B
110153,D
110154,B
110155,D
110156,D
110157,B
110158,B
110159,B
110160,C
110161,C
110162,B
110163,A
110164,A
110165,B
110166,A
110167,B
110168,D
110169,B
110170,C
110171,D
110172,C
110173,D
110174,D
110175,C
110176,C
110177,A
110178,A
110179,A
110180,B
110181,C
110182,B
110183,C
110184,A
110185,D
110186,D
110187,C
110188,C
110189,D
110190,A
110191,A
110192,A
110193,A
110194,C
110195,C
110196,D
110197,B
110198,C
110199,A
110200,D
110201,C
110202,A
110203,B
110204,A
110205,B
110206,B
110207,C
110208,B
110209,B
110210,B
110211,B
110212,B
110213,C
110214,A
110215,C
110216,D
110217,B
110218,D
110219,B
110220,A
110221,A
110222,B
110223,B
110224,A
110225,B
110226,C
110227,C
110228,B
110229,A
110230,A
110231,D
110232,A
110233,D
110234,A
110235,D
110236,B
110237,C
110238,B
110239,A
110240,C
110241,B
110242,A
110243,C
110244,B
110245,C
110246,C
110247,A
110248,B
110249,C
110250,B
110251,A
110252,B
110253,D
110254,B
110255,C
110256,C
110257,A
110258,B
110259,A
110260,C
110261,B
110262,D
110263,C
110264,A
110265,B
110266,A
110267,B
110268,A
110269,A
110270,B
110271,C
110272,C
110273,C
110274,B
110275,D
110276,C
110277,D
110278,B
110279,B
110280,A
110281,A
110282,A
110283,D
110284,A
110285,B
110286,C
110287,D
110288,D
110289,A
110290,D
110291,B
110292,C
110293,D
110294,D
110295,B
110296,D
110297,C
110298,C
110299,B
110300,D
110301,D
110302,C
110303,B
110304,B
110305,C
110306,B
110307,B
110308,C
110309,B
110310,D
110311,C
110312,D
110313,D
110314,B
110315,D
110316,A
110317,D
110318,D
110319,D
110320,A
110321,C
110322,C
110323,B
110324,A
110325,B
110326,D
110327,B
110328,C
110329,B
110330,D
110331,B
110332,C
110333,D
110334,C
110335,A
110336,A
110337,C
110338,B
110339,A
110340,D
110341,D
110342,C
110343,B
110344,B
110345,C
110346,B
110347,D
110348,C
110349,B
110350,D
110351,A
110352,C
110353,B
110354,D
110355,A
110356,A
110357,D
110358,D
110359,D
110360,D
110361,A
110362,D
110363,A
110364,C
110365,B
110366,A
110367,B
110368,C
110369,B
110370,D
110371,A
110372,D
110373,C
110374,A
110375,A
110376,A
110377,D
110378,B
110379,C
110380,D
110381,A
110382,A
110383,D
110384,C
110385,D
110386,B
110387,C
110388,D
110389,B
110390,D
110391,B
110392,A
110393,A
110394,A
110395,A
110396,A
110397,A
110398,C
110399,D
110400,D
110401,A
110402,D
110403,C
110404,B
110405,C
110406,B
110407,A
110408,A
110409,D
110410,C
110411,B
110412,A
110413,C
110414,D
110415,D
110416,C
110417,A
110418,C
110419,A
110420,D
110421,C
110422,D
110423,D
110424,C
110425,B
110426,D
110427,D
110428,A
110429,C
110430,B
110431,D
110432,B
110433,B
110434,D
110435,B
110436,C
110437,C
110438,D
110439,B
110440,A
110441,D
110442,D
110443,A
110444,D
110445,B
110446,A
110447,A
110448,D
110449,D
110450,D
110451,B
110452,D
110453,D
110454,C
110455,D
110456,C
110457,C
110458,B
110459,B
110460,D
110461,B
110462,B
110463,B
110464,B
110465,B
110466,B
110467,C
110468,B
110469,A
110470,A
110471,A
110472,D
110473,A
110474,C
110475,B
110476,D
110477,A
110478,D
110479,B
110480,A
110481,C
110482,A
110483,A
110484,C
110485,A
110486,B
110487,B
110488,D
110489,A
110490,B
110491,B
110492,B
110493,A
110494,C
110495,C
110496,B
110497,D
110498,D
110499,B
110500,C
110501,C
110502,B
110503,D
110504,B
110505,D
110506,C
110507,C
110508,D
110509,A
110510,A
110511,C
110512,B
110513,C
110514,D
110515,D
110516,B
110517,B
110518,D
110519,C
110520,C
110521,C
110522,D
110523,B
110524,D
110525,B
110526,C
110527,B
110528,C
110529,B
110530,A
110531,C
110532,B
110533,A
110534,A
110535,A
110536,B
110537,A
110538,D
110539,A
110540,B
110541,B
110542,C
110543,B
110544,D
110545,A
110546,C
110547,D
110548,C
110549,C
110550,C
110551,B
110552,A
110553,C
110554,B
110555,B
110556,D
110557,B
110558,A
110559,B
110560,B
110561,A
110562,C
110563,C
110564,D
110565,B
110566,B
110567,D
110568,B
110569,D
110570,C
110571,C
110572,C
110573,C
110574,A
110575,C
110576,D
110577,C
110578,A
110579,C
110580,D
110581,B
110582,B
110583,D
110584,D
110585,B
110586,B
110587,B
110588,D
110589,B
110590,A
110591,A
110592,C
110593,B
110594,B
110595,D
110596,D
110597,C
110598,D
110599,B
110600,B
110601,A
110602,C
110603,C
110604,D
110605,A
110606,C
110607,D
110608,A
110609,D
110610,B
110611,D
110612,B
110613,D
110614,B
110615,D
110616,B
110617,B
110618,C
110619,D
110620,D
110621,C
110622,C
110623,A
110624,D
110625,B
110626,B
110627,C
110628,D
110629,C
110630,A
110631,A
110632,D
